#,Time,Service,Flags,Prio,Source Address,Source Name,Destination Address,Destination Name,Hop Count,Type,DPT,Info,Iack
1,"3/14/2026 2:37:09.199 PM",,,,,,,,,,,"Recording was started, Host=DESKTOP-ACVLRE6, Connection=TSY KNX IP Route, Mode=LinkLayer",
2,"3/14/2026 2:37:10.144 PM",to bus,,System,1.1.11,"-",0/0/0,"Broadcast",5,SystemNetworkParameter_Read,,"00 00 00 B0 01",LL_ACK
3,"3/14/2026 2:37:23.781 PM",to bus,,System,1.1.11,"-",1.1.7,"KNX 4 Buttons",5,DeviceDescriptor_Read,,"DescriptorType=0",LL_ACK
4,"3/14/2026 2:37:23.803 PM",from bus,,System,1.1.7,"KNX 4 Buttons",1.1.11,"-",6,DeviceDescriptor_Response,,"DescriptorType=0, DescriptorData=07 B0",LL_ACK
5,"3/14/2026 2:37:23.868 PM",to bus,,System,1.1.11,"-",1.1.7,"KNX 4 Buttons",5,PropertyValue_Read,,"ObjectIndex=0, PropertyId=56, Count=1, StartIndex=1",LL_ACK
6,"3/14/2026 2:37:23.920 PM",from bus,,System,1.1.7,"KNX 4 Buttons",1.1.11,"-",6,PropertyValue_Response,,"ObjectIndex=0, PropertyId=56, Count=1, StartIndex=1, Data=00 FE",LL_ACK
7,"3/14/2026 2:37:24.036 PM",to bus,E,System,1.1.11,"-",1.1.7,"KNX 4 Buttons",5,Sec,,"SyncReq, SourceSeqNr=258354670760",LL_ACK
8,"3/14/2026 2:37:24.127 PM",from bus,E,System,1.1.7,"KNX 4 Buttons",1.1.11,"-",6,Sec,,"SyncRes, SourceSeqNr=14050, TargetSeqNr=258354670760",LL_ACK
9,"3/14/2026 2:37:24.228 PM",to bus,E,System,1.1.11,"-",1.1.7,"KNX 4 Buttons",5,PropertyValue_Read,,"ObjectIndex=0, PropertyId=11, Count=1, StartIndex=1",LL_ACK
10,"3/14/2026 2:37:24.312 PM",from bus,E,System,1.1.7,"KNX 4 Buttons",1.1.11,"-",6,PropertyValue_Response,,"ObjectIndex=0, PropertyId=11, Count=1, StartIndex=1, Data=00 85 56 04 01 2D",LL_ACK
11,"3/14/2026 2:37:24.360 PM",to bus,,System,1.1.11,"-",1.1.7,"KNX 4 Buttons",5,DeviceDescriptor_Read,,"DescriptorType=0",LL_ACK
12,"3/14/2026 2:37:24.387 PM",from bus,,System,1.1.7,"KNX 4 Buttons",1.1.11,"-",6,DeviceDescriptor_Response,,"DescriptorType=0, DescriptorData=07 B0",LL_ACK
13,"3/14/2026 2:37:24.429 PM",to bus,,System,1.1.11,"-",1.1.7,"KNX 4 Buttons",5,PropertyValue_Read,,"ObjectIndex=0, PropertyId=56, Count=1, StartIndex=1",LL_ACK
14,"3/14/2026 2:37:24.469 PM",from bus,,System,1.1.7,"KNX 4 Buttons",1.1.11,"-",6,PropertyValue_Response,,"ObjectIndex=0, PropertyId=56, Count=1, StartIndex=1, Data=00 FE",LL_ACK
15,"3/14/2026 2:37:24.599 PM",to bus,E,System,1.1.11,"-",1.1.7,"KNX 4 Buttons",5,Sec,,"SyncReq, SourceSeqNr=258354670761",LL_ACK
16,"3/14/2026 2:37:27.608 PM",to bus,E,System,1.1.11,"-",1.1.7,"KNX 4 Buttons",5,Sec,,"SyncReq, SourceSeqNr=258354670761",LL_ACK
17,"3/14/2026 2:37:27.700 PM",from bus,E,System,1.1.7,"KNX 4 Buttons",1.1.11,"-",6,Sec,,"SyncRes, SourceSeqNr=14051, TargetSeqNr=258354670761",LL_ACK
18,"3/14/2026 2:37:27.805 PM",to bus,E,System,1.1.11,"-",1.1.7,"KNX 4 Buttons",5,FunctionPropertyExtState_Read,,"ObjectType=17, Instance=1, PropertyId=51, Command=00 00",LL_ACK
19,"3/14/2026 2:37:27.875 PM",from bus,E,System,1.1.7,"KNX 4 Buttons",1.1.11,"-",6,FunctionPropertyExtState_Response,,"ObjectType=17, Instance=1, PropertyId=51, ReturnCode=0",LL_ACK
20,"3/14/2026 2:37:29.163 PM",to bus,,System,1.1.11,"-",1.1.7,"KNX 4 Buttons",5,T_Connect,,"",LL_ACK
21,"3/14/2026 2:37:29.194 PM",to bus,,System,1.1.11,"-",1.1.7,"KNX 4 Buttons",5,DeviceDescriptor_Read (S=0),,"DescriptorType=0",LL_ACK
22,"3/14/2026 2:37:29.216 PM",from bus,,System,1.1.7,"KNX 4 Buttons",1.1.11,"-",6,T_ACK (S=0),,"",LL_ACK
23,"3/14/2026 2:37:29.246 PM",from bus,,System,1.1.7,"KNX 4 Buttons",1.1.11,"-",6,DeviceDescriptor_Response (S=0),,"DescriptorType=0, DescriptorData=07 B0",LL_ACK
24,"3/14/2026 2:37:29.281 PM",to bus,,System,1.1.11,"-",1.1.7,"KNX 4 Buttons",5,T_ACK (S=0),,"",LL_ACK
25,"3/14/2026 2:37:29.327 PM",to bus,,System,1.1.11,"-",1.1.7,"KNX 4 Buttons",5,PropertyValue_Read (S=1),,"ObjectIndex=0, PropertyId=56, Count=1, StartIndex=1",LL_ACK
26,"3/14/2026 2:37:29.350 PM",from bus,,System,1.1.7,"KNX 4 Buttons",1.1.11,"-",6,T_ACK (S=1),,"",LL_ACK
27,"3/14/2026 2:37:29.389 PM",from bus,,System,1.1.7,"KNX 4 Buttons",1.1.11,"-",6,PropertyValue_Response (S=1),,"ObjectIndex=0, PropertyId=56, Count=1, StartIndex=1, Data=00 FE",LL_ACK
28,"3/14/2026 2:37:29.423 PM",to bus,,System,1.1.11,"-",1.1.7,"KNX 4 Buttons",5,T_ACK (S=1),,"",LL_ACK
29,"3/14/2026 2:37:29.510 PM",to bus,E,System,1.1.11,"-",1.1.7,"KNX 4 Buttons",5,Sec (S=2),,"SyncReq, SourceSeqNr=258354670762",LL_ACK
30,"3/14/2026 2:37:29.531 PM",from bus,,System,1.1.7,"KNX 4 Buttons",1.1.11,"-",6,T_ACK (S=2),,"",LL_ACK
31,"3/14/2026 2:37:29.620 PM",from bus,E,System,1.1.7,"KNX 4 Buttons",1.1.11,"-",6,Sec (S=2),,"SyncRes, SourceSeqNr=14052, TargetSeqNr=258354670762",LL_ACK
32,"3/14/2026 2:37:29.653 PM",to bus,,System,1.1.11,"-",1.1.7,"KNX 4 Buttons",5,T_ACK (S=2),,"",LL_ACK
33,"3/14/2026 2:37:29.768 PM",to bus,E,System,1.1.11,"-",1.1.7,"KNX 4 Buttons",5,Authorize_Request (S=3),,"00 FF FF FF FF",LL_ACK
34,"3/14/2026 2:37:29.786 PM",from bus,,System,1.1.7,"KNX 4 Buttons",1.1.11,"-",6,T_ACK (S=3),,"",LL_ACK
35,"3/14/2026 2:37:29.848 PM",from bus,,System,1.1.7,"KNX 4 Buttons",1.1.11,"-",6,Authorize_Response (S=3),,"$00",LL_ACK
36,"3/14/2026 2:37:29.890 PM",to bus,,System,1.1.11,"-",1.1.7,"KNX 4 Buttons",5,T_ACK (S=3),,"",LL_ACK
37,"3/14/2026 2:37:29.962 PM",to bus,E,System,1.1.11,"-",1.1.7,"KNX 4 Buttons",5,PropertyDescription_Read (S=4),,"ObjectIndex=2, PropertyId=23, PropertyIndex=0",LL_ACK
38,"3/14/2026 2:37:29.990 PM",from bus,,System,1.1.7,"KNX 4 Buttons",1.1.11,"-",6,T_ACK (S=4),,"",LL_ACK
39,"3/14/2026 2:37:30.059 PM",from bus,E,System,1.1.7,"KNX 4 Buttons",1.1.11,"-",6,PropertyDescription_Response (S=4),,"ObjectIndex=2, PropertyId=23, PropertyIndex=1, DataType=20 (PDT_GENERIC_04), MaxSize=512",LL_ACK
40,"3/14/2026 2:37:30.091 PM",to bus,,System,1.1.11,"-",1.1.7,"KNX 4 Buttons",5,T_ACK (S=4),,"",LL_ACK
41,"3/14/2026 2:37:30.159 PM",to bus,E,System,1.1.11,"-",1.1.7,"KNX 4 Buttons",5,PropertyValue_Read (S=5),,"ObjectIndex=0, PropertyId=11, Count=1, StartIndex=1",LL_ACK
42,"3/14/2026 2:37:30.181 PM",from bus,,System,1.1.7,"KNX 4 Buttons",1.1.11,"-",6,T_ACK (S=5),,"",LL_ACK
43,"3/14/2026 2:37:30.270 PM",from bus,E,System,1.1.7,"KNX 4 Buttons",1.1.11,"-",6,PropertyValue_Response (S=5),,"ObjectIndex=0, PropertyId=11, Count=1, StartIndex=1, Data=00 85 56 04 01 2D",LL_ACK
44,"3/14/2026 2:37:30.310 PM",to bus,,System,1.1.11,"-",1.1.7,"KNX 4 Buttons",5,T_ACK (S=5),,"",LL_ACK
45,"3/14/2026 2:37:30.382 PM",to bus,E,System,1.1.11,"-",1.1.7,"KNX 4 Buttons",5,PropertyValue_Read (S=6),,"ObjectIndex=0, PropertyId=12, Count=1, StartIndex=1",LL_ACK
46,"3/14/2026 2:37:30.404 PM",from bus,,System,1.1.7,"KNX 4 Buttons",1.1.11,"-",6,T_ACK (S=6),,"",LL_ACK
47,"3/14/2026 2:37:30.480 PM",from bus,E,System,1.1.7,"KNX 4 Buttons",1.1.11,"-",6,PropertyValue_Response (S=6),,"ObjectIndex=0, PropertyId=12, Count=1, StartIndex=1, Data=00 85",LL_ACK
48,"3/14/2026 2:37:30.509 PM",to bus,,System,1.1.11,"-",1.1.7,"KNX 4 Buttons",5,T_ACK (S=6),,"",LL_ACK
49,"3/14/2026 2:37:30.578 PM",to bus,E,System,1.1.11,"-",1.1.7,"KNX 4 Buttons",5,PropertyValue_Read (S=7),,"ObjectIndex=0, PropertyId=25, Count=1, StartIndex=1",LL_ACK
50,"3/14/2026 2:37:30.599 PM",from bus,,System,1.1.7,"KNX 4 Buttons",1.1.11,"-",6,T_ACK (S=7),,"",LL_ACK
51,"3/14/2026 2:37:30.681 PM",from bus,E,System,1.1.7,"KNX 4 Buttons",1.1.11,"-",6,PropertyValue_Response (S=7),,"ObjectIndex=0, PropertyId=25, Count=1, StartIndex=1, Data=00 02",LL_ACK
52,"3/14/2026 2:37:30.721 PM",to bus,,System,1.1.11,"-",1.1.7,"KNX 4 Buttons",5,T_ACK (S=7),,"",LL_ACK
53,"3/14/2026 2:37:30.792 PM",to bus,E,System,1.1.11,"-",1.1.7,"KNX 4 Buttons",5,PropertyValue_Read (S=8),,"ObjectIndex=0, PropertyId=78, Count=1, StartIndex=1",LL_ACK
54,"3/14/2026 2:37:30.811 PM",from bus,,System,1.1.7,"KNX 4 Buttons",1.1.11,"-",6,T_ACK (S=8),,"",LL_ACK
55,"3/14/2026 2:37:30.897 PM",from bus,E,System,1.1.7,"KNX 4 Buttons",1.1.11,"-",6,PropertyValue_Response (S=8),,"ObjectIndex=0, PropertyId=78, Count=1, StartIndex=1, Data=20 26 00 00 00 04",LL_ACK
56,"3/14/2026 2:37:30.926 PM",to bus,,System,1.1.11,"-",1.1.7,"KNX 4 Buttons",5,T_ACK (S=8),,"",LL_ACK
57,"3/14/2026 2:37:30.995 PM",to bus,E,System,1.1.11,"-",1.1.7,"KNX 4 Buttons",5,PropertyValue_Read (S=9),,"ObjectIndex=0, PropertyId=15, Count=1, StartIndex=1",LL_ACK
58,"3/14/2026 2:37:31.016 PM",from bus,,System,1.1.7,"KNX 4 Buttons",1.1.11,"-",6,T_ACK (S=9),,"",LL_ACK
59,"3/14/2026 2:37:31.113 PM",from bus,E,System,1.1.7,"KNX 4 Buttons",1.1.11,"-",6,PropertyValue_Response (S=9),,"ObjectIndex=0, PropertyId=15, Count=1, StartIndex=1, Data=4B 4E 58 42 54 4E 20 20 20 20",LL_ACK
60,"3/14/2026 2:37:31.143 PM",to bus,,System,1.1.11,"-",1.1.7,"KNX 4 Buttons",5,T_ACK (S=9),,"",LL_ACK
61,"3/14/2026 2:37:31.543 PM",to bus,E,System,1.1.11,"-",1.1.7,"KNX 4 Buttons",5,PropertyValue_Write (S=10),,"ObjectIndex=5, PropertyId=5, Count=1, StartIndex=1, Data=04 00 00 00 00 00 00 00 00 00",LL_ACK
62,"3/14/2026 2:37:31.568 PM",from bus,,System,1.1.7,"KNX 4 Buttons",1.1.11,"-",6,T_ACK (S=10),,"",LL_ACK
63,"3/14/2026 2:37:31.636 PM",from bus,E,System,1.1.7,"KNX 4 Buttons",1.1.11,"-",6,PropertyValue_Response (S=10),,"ObjectIndex=5, PropertyId=5, Count=0, StartIndex=1, Data=",LL_ACK
64,"3/14/2026 2:37:31.674 PM",to bus,,System,1.1.11,"-",1.1.7,"KNX 4 Buttons",5,T_ACK (S=10),,"",LL_ACK
65,"3/14/2026 2:37:31.768 PM",to bus,E,System,1.1.11,"-",1.1.7,"KNX 4 Buttons",5,PropertyValue_Write (S=11),,"ObjectIndex=4, PropertyId=5, Count=1, StartIndex=1, Data=04 00 00 00 00 00 00 00 00 00",LL_ACK
66,"3/14/2026 2:37:31.789 PM",from bus,,System,1.1.7,"KNX 4 Buttons",1.1.11,"-",6,T_ACK (S=11),,"",LL_ACK
67,"3/14/2026 2:37:31.864 PM",from bus,E,System,1.1.7,"KNX 4 Buttons",1.1.11,"-",6,PropertyValue_Response (S=11),,"ObjectIndex=4, PropertyId=5, Count=1, StartIndex=1, Data=$00",LL_ACK
68,"3/14/2026 2:37:31.894 PM",to bus,,System,1.1.11,"-",1.1.7,"KNX 4 Buttons",5,T_ACK (S=11),,"",LL_ACK
69,"3/14/2026 2:37:31.988 PM",to bus,E,System,1.1.11,"-",1.1.7,"KNX 4 Buttons",5,PropertyValue_Write (S=12),,"ObjectIndex=3, PropertyId=5, Count=1, StartIndex=1, Data=04 00 00 00 00 00 00 00 00 00",LL_ACK
70,"3/14/2026 2:37:32.007 PM",from bus,,System,1.1.7,"KNX 4 Buttons",1.1.11,"-",6,T_ACK (S=12),,"",LL_ACK
71,"3/14/2026 2:37:32.081 PM",from bus,E,System,1.1.7,"KNX 4 Buttons",1.1.11,"-",6,PropertyValue_Response (S=12),,"ObjectIndex=3, PropertyId=5, Count=1, StartIndex=1, Data=$00",LL_ACK
72,"3/14/2026 2:37:32.112 PM",to bus,,System,1.1.11,"-",1.1.7,"KNX 4 Buttons",5,T_ACK (S=12),,"",LL_ACK
73,"3/14/2026 2:37:32.204 PM",to bus,E,System,1.1.11,"-",1.1.7,"KNX 4 Buttons",5,PropertyValue_Write (S=13),,"ObjectIndex=2, PropertyId=5, Count=1, StartIndex=1, Data=04 00 00 00 00 00 00 00 00 00",LL_ACK
74,"3/14/2026 2:37:32.225 PM",from bus,,System,1.1.7,"KNX 4 Buttons",1.1.11,"-",6,T_ACK (S=13),,"",LL_ACK
75,"3/14/2026 2:37:32.300 PM",from bus,E,System,1.1.7,"KNX 4 Buttons",1.1.11,"-",6,PropertyValue_Response (S=13),,"ObjectIndex=2, PropertyId=5, Count=1, StartIndex=1, Data=$00",LL_ACK
76,"3/14/2026 2:37:32.351 PM",to bus,,System,1.1.11,"-",1.1.7,"KNX 4 Buttons",5,T_ACK (S=13),,"",LL_ACK
77,"3/14/2026 2:37:32.446 PM",to bus,E,System,1.1.11,"-",1.1.7,"KNX 4 Buttons",5,PropertyValue_Write (S=14),,"ObjectIndex=1, PropertyId=5, Count=1, StartIndex=1, Data=04 00 00 00 00 00 00 00 00 00",LL_ACK
78,"3/14/2026 2:37:32.477 PM",from bus,,System,1.1.7,"KNX 4 Buttons",1.1.11,"-",6,T_ACK (S=14),,"",LL_ACK
79,"3/14/2026 2:37:32.554 PM",from bus,E,System,1.1.7,"KNX 4 Buttons",1.1.11,"-",6,PropertyValue_Response (S=14),,"ObjectIndex=1, PropertyId=5, Count=1, StartIndex=1, Data=$00",LL_ACK
80,"3/14/2026 2:37:32.584 PM",to bus,,System,1.1.11,"-",1.1.7,"KNX 4 Buttons",5,T_ACK (S=14),,"",LL_ACK
81,"3/14/2026 2:37:32.679 PM",to bus,E,System,1.1.11,"-",1.1.7,"KNX 4 Buttons",5,FunctionPropertyExtCommand (S=15),,"ObjectType=17, Instance=1, PropertyId=5, Command=04 00 00 00 00 00 00 00 00 00",LL_ACK
82,"3/14/2026 2:37:32.698 PM",from bus,,System,1.1.7,"KNX 4 Buttons",1.1.11,"-",6,T_ACK (S=15),,"",LL_ACK
83,"3/14/2026 2:37:32.777 PM",from bus,E,System,1.1.7,"KNX 4 Buttons",1.1.11,"-",6,FunctionPropertyExtState_Response (S=15),,"ObjectType=17, Instance=1, PropertyId=5, ReturnCode=0",LL_ACK
84,"3/14/2026 2:37:32.810 PM",to bus,,System,1.1.11,"-",1.1.7,"KNX 4 Buttons",5,T_ACK (S=15),,"",LL_ACK
85,"3/14/2026 2:37:32.902 PM",to bus,E,System,1.1.11,"-",1.1.7,"KNX 4 Buttons",5,PropertyValue_Write (S=0),,"ObjectIndex=4, PropertyId=5, Count=1, StartIndex=1, Data=01 00 00 00 00 00 00 00 00 00",LL_ACK
86,"3/14/2026 2:37:32.924 PM",from bus,,System,1.1.7,"KNX 4 Buttons",1.1.11,"-",6,T_ACK (S=0),,"",LL_ACK
87,"3/14/2026 2:37:32.997 PM",from bus,E,System,1.1.7,"KNX 4 Buttons",1.1.11,"-",6,PropertyValue_Response (S=0),,"ObjectIndex=4, PropertyId=5, Count=1, StartIndex=1, Data=$02",LL_ACK
88,"3/14/2026 2:37:33.024 PM",to bus,,System,1.1.11,"-",1.1.7,"KNX 4 Buttons",5,T_ACK (S=0),,"",LL_ACK
89,"3/14/2026 2:37:33.121 PM",to bus,E,System,1.1.11,"-",1.1.7,"KNX 4 Buttons",5,PropertyValue_Write (S=1),,"ObjectIndex=4, PropertyId=5, Count=1, StartIndex=1, Data=03 0B 00 00 00 14 00 00 00 00",LL_ACK
90,"3/14/2026 2:37:33.137 PM",from bus,,System,1.1.7,"KNX 4 Buttons",1.1.11,"-",6,T_ACK (S=1),,"",LL_ACK
91,"3/14/2026 2:37:33.213 PM",from bus,E,System,1.1.7,"KNX 4 Buttons",1.1.11,"-",6,PropertyValue_Response (S=1),,"ObjectIndex=4, PropertyId=5, Count=1, StartIndex=1, Data=$02",LL_ACK
92,"3/14/2026 2:37:33.240 PM",to bus,,System,1.1.11,"-",1.1.7,"KNX 4 Buttons",5,T_ACK (S=1),,"",LL_ACK
93,"3/14/2026 2:37:33.330 PM",to bus,E,System,1.1.11,"-",1.1.7,"KNX 4 Buttons",5,PropertyValue_Write (S=2),,"ObjectIndex=3, PropertyId=5, Count=1, StartIndex=1, Data=01 00 00 00 00 00 00 00 00 00",LL_ACK
94,"3/14/2026 2:37:33.355 PM",from bus,,System,1.1.7,"KNX 4 Buttons",1.1.11,"-",6,T_ACK (S=2),,"",LL_ACK
95,"3/14/2026 2:37:33.427 PM",from bus,E,System,1.1.7,"KNX 4 Buttons",1.1.11,"-",6,PropertyValue_Response (S=2),,"ObjectIndex=3, PropertyId=5, Count=1, StartIndex=1, Data=$02",LL_ACK
96,"3/14/2026 2:37:33.455 PM",to bus,,System,1.1.11,"-",1.1.7,"KNX 4 Buttons",5,T_ACK (S=2),,"",LL_ACK
97,"3/14/2026 2:37:33.551 PM",to bus,E,System,1.1.11,"-",1.1.7,"KNX 4 Buttons",5,PropertyValue_Write (S=3),,"ObjectIndex=3, PropertyId=5, Count=1, StartIndex=1, Data=03 0B 00 00 00 58 00 00 00 00",LL_ACK
98,"3/14/2026 2:37:33.570 PM",from bus,,System,1.1.7,"KNX 4 Buttons",1.1.11,"-",6,T_ACK (S=3),,"",LL_ACK
99,"3/14/2026 2:37:33.641 PM",from bus,E,System,1.1.7,"KNX 4 Buttons",1.1.11,"-",6,PropertyValue_Response (S=3),,"ObjectIndex=3, PropertyId=5, Count=1, StartIndex=1, Data=$02",LL_ACK
100,"3/14/2026 2:37:33.677 PM",to bus,,System,1.1.11,"-",1.1.7,"KNX 4 Buttons",5,T_ACK (S=3),,"",LL_ACK
101,"3/14/2026 2:37:33.770 PM",to bus,E,System,1.1.11,"-",1.1.7,"KNX 4 Buttons",5,PropertyValue_Write (S=4),,"ObjectIndex=1, PropertyId=5, Count=1, StartIndex=1, Data=01 00 00 00 00 00 00 00 00 00",LL_ACK
102,"3/14/2026 2:37:33.793 PM",from bus,,System,1.1.7,"KNX 4 Buttons",1.1.11,"-",6,T_ACK (S=4),,"",LL_ACK
103,"3/14/2026 2:37:33.876 PM",from bus,E,System,1.1.7,"KNX 4 Buttons",1.1.11,"-",6,PropertyValue_Response (S=4),,"ObjectIndex=1, PropertyId=5, Count=1, StartIndex=1, Data=$02",LL_ACK
104,"3/14/2026 2:37:33.906 PM",to bus,,System,1.1.11,"-",1.1.7,"KNX 4 Buttons",5,T_ACK (S=4),,"",LL_ACK
105,"3/14/2026 2:37:33.997 PM",to bus,E,System,1.1.11,"-",1.1.7,"KNX 4 Buttons",5,PropertyValue_Write (S=5),,"ObjectIndex=1, PropertyId=5, Count=1, StartIndex=1, Data=03 0B 00 00 00 20 00 00 00 00",LL_ACK
106,"3/14/2026 2:37:34.022 PM",from bus,,System,1.1.7,"KNX 4 Buttons",1.1.11,"-",6,T_ACK (S=5),,"",LL_ACK
107,"3/14/2026 2:37:34.093 PM",from bus,E,System,1.1.7,"KNX 4 Buttons",1.1.11,"-",6,PropertyValue_Response (S=5),,"ObjectIndex=1, PropertyId=5, Count=1, StartIndex=1, Data=$02",LL_ACK
108,"3/14/2026 2:37:34.121 PM",to bus,,System,1.1.11,"-",1.1.7,"KNX 4 Buttons",5,T_ACK (S=5),,"",LL_ACK
109,"3/14/2026 2:37:34.212 PM",to bus,E,System,1.1.11,"-",1.1.7,"KNX 4 Buttons",5,PropertyValue_Write (S=6),,"ObjectIndex=2, PropertyId=5, Count=1, StartIndex=1, Data=01 00 00 00 00 00 00 00 00 00",LL_ACK
110,"3/14/2026 2:37:34.232 PM",from bus,,System,1.1.7,"KNX 4 Buttons",1.1.11,"-",6,T_ACK (S=6),,"",LL_ACK
111,"3/14/2026 2:37:34.306 PM",from bus,E,System,1.1.7,"KNX 4 Buttons",1.1.11,"-",6,PropertyValue_Response (S=6),,"ObjectIndex=2, PropertyId=5, Count=1, StartIndex=1, Data=$02",LL_ACK
112,"3/14/2026 2:37:34.341 PM",to bus,,System,1.1.11,"-",1.1.7,"KNX 4 Buttons",5,T_ACK (S=6),,"",LL_ACK
113,"3/14/2026 2:37:34.436 PM",to bus,E,System,1.1.11,"-",1.1.7,"KNX 4 Buttons",5,PropertyValue_Write (S=7),,"ObjectIndex=2, PropertyId=5, Count=1, StartIndex=1, Data=03 0B 00 00 00 3E 00 00 00 00",LL_ACK
114,"3/14/2026 2:37:34.457 PM",from bus,,System,1.1.7,"KNX 4 Buttons",1.1.11,"-",6,T_ACK (S=7),,"",LL_ACK
115,"3/14/2026 2:37:34.534 PM",from bus,E,System,1.1.7,"KNX 4 Buttons",1.1.11,"-",6,PropertyValue_Response (S=7),,"ObjectIndex=2, PropertyId=5, Count=1, StartIndex=1, Data=$02",LL_ACK
116,"3/14/2026 2:37:34.563 PM",to bus,,System,1.1.11,"-",1.1.7,"KNX 4 Buttons",5,T_ACK (S=7),,"",LL_ACK
117,"3/14/2026 2:37:34.635 PM",to bus,E,System,1.1.11,"-",1.1.7,"KNX 4 Buttons",5,PropertyValue_Read (S=8),,"ObjectIndex=4, PropertyId=7, Count=1, StartIndex=1",LL_ACK
118,"3/14/2026 2:37:34.656 PM",from bus,,System,1.1.7,"KNX 4 Buttons",1.1.11,"-",6,T_ACK (S=8),,"",LL_ACK
119,"3/14/2026 2:37:34.741 PM",from bus,E,System,1.1.7,"KNX 4 Buttons",1.1.11,"-",6,PropertyValue_Response (S=8),,"ObjectIndex=4, PropertyId=7, Count=1, StartIndex=1, Data=00 00 0A F8",LL_ACK
120,"3/14/2026 2:37:34.770 PM",to bus,,System,1.1.11,"-",1.1.7,"KNX 4 Buttons",5,T_ACK (S=8),,"",LL_ACK
121,"3/14/2026 2:37:34.883 PM",to bus,E,System,1.1.11,"-",1.1.7,"KNX 4 Buttons",5,MemoryExtended_Write (S=9),,"Count=20, Address=$0AF8, Data=01 00 01 00 01 00 01 00 00 03 00 03 00 03 00 03 00 00 00 00",LL_ACK
122,"3/14/2026 2:37:34.904 PM",from bus,,System,1.1.7,"KNX 4 Buttons",1.1.11,"-",6,T_ACK (S=9),,"",LL_ACK
123,"3/14/2026 2:37:34.985 PM",from bus,E,System,1.1.7,"KNX 4 Buttons",1.1.11,"-",6,MemoryExtended_WriteResponse (S=9),,"ReturnCode=E_SUCCESS, Address=$0AF8",LL_ACK
124,"3/14/2026 2:37:35.011 PM",to bus,,System,1.1.11,"-",1.1.7,"KNX 4 Buttons",5,T_ACK (S=9),,"",LL_ACK
125,"3/14/2026 2:37:35.093 PM",to bus,E,System,1.1.11,"-",1.1.7,"KNX 4 Buttons",5,PropertyValue_Read (S=10),,"ObjectIndex=3, PropertyId=7, Count=1, StartIndex=1",LL_ACK
126,"3/14/2026 2:37:35.108 PM",from bus,,System,1.1.7,"KNX 4 Buttons",1.1.11,"-",6,T_ACK (S=10),,"",LL_ACK
127,"3/14/2026 2:37:35.185 PM",from bus,E,System,1.1.7,"KNX 4 Buttons",1.1.11,"-",6,PropertyValue_Response (S=10),,"ObjectIndex=3, PropertyId=7, Count=1, StartIndex=1, Data=00 00 0B 0C",LL_ACK
128,"3/14/2026 2:37:35.220 PM",to bus,,System,1.1.11,"-",1.1.7,"KNX 4 Buttons",5,T_ACK (S=10),,"",LL_ACK
129,"3/14/2026 2:37:35.486 PM",to bus,E,System,1.1.11,"-",1.1.7,"KNX 4 Buttons",5,MemoryExtended_Write (S=11),,"Count=88, Address=$0B0C, Data=00 2B D7 00 D7 00 00 00 00 00 00 00 00 00 00 00 D7 00 00 00 00 00 D7 00 D7 00 00 00 00 00 00 00 00 00 00 00 D7 00 00 00 00 00 D7 00 D7 00 00 00 00 00 00 00 00 00 00 00 D7 00 00 00 00 00 D7 00 D7 00 00 00 00 00 00 00 00 00 00 00 D7 00 00 00 00 00 4F 08 4F 08 DF 07",LL_ACK
130,"3/14/2026 2:37:35.500 PM",from bus,,System,1.1.7,"KNX 4 Buttons",1.1.11,"-",6,T_ACK (S=11),,"",LL_ACK
131,"3/14/2026 2:37:35.572 PM",from bus,E,System,1.1.7,"KNX 4 Buttons",1.1.11,"-",6,MemoryExtended_WriteResponse (S=11),,"ReturnCode=E_SUCCESS, Address=$0B0C",LL_ACK
132,"3/14/2026 2:37:35.600 PM",to bus,,System,1.1.11,"-",1.1.7,"KNX 4 Buttons",5,T_ACK (S=11),,"",LL_ACK
133,"3/14/2026 2:37:35.675 PM",to bus,E,System,1.1.11,"-",1.1.7,"KNX 4 Buttons",5,PropertyValue_Read (S=12),,"ObjectIndex=2, PropertyId=7, Count=1, StartIndex=1",LL_ACK
134,"3/14/2026 2:37:35.708 PM",from bus,,System,1.1.7,"KNX 4 Buttons",1.1.11,"-",6,T_ACK (S=12),,"",LL_ACK
135,"3/14/2026 2:37:35.779 PM",from bus,E,System,1.1.7,"KNX 4 Buttons",1.1.11,"-",6,PropertyValue_Response (S=12),,"ObjectIndex=2, PropertyId=7, Count=1, StartIndex=1, Data=00 00 0B 84",LL_ACK
136,"3/14/2026 2:37:35.806 PM",to bus,,System,1.1.11,"-",1.1.7,"KNX 4 Buttons",5,T_ACK (S=12),,"",LL_ACK
137,"3/14/2026 2:37:36.010 PM",to bus,E,System,1.1.11,"-",1.1.7,"KNX 4 Buttons",5,MemoryExtended_Write (S=13),,"Count=62, Address=$0B84, Data=00 0F 00 01 00 01 00 02 00 02 00 03 00 08 00 04 00 0B 00 05 00 0C 00 06 00 12 00 07 00 15 00 08 00 16 00 09 00 1C 00 0A 00 1F 00 0B 00 20 00 0C 00 26 00 0E 00 29 00 0F 00 2A 00 0D 00 2B",LL_ACK
138,"3/14/2026 2:37:36.032 PM",from bus,,System,1.1.7,"KNX 4 Buttons",1.1.11,"-",6,T_ACK (S=13),,"",LL_ACK
139,"3/14/2026 2:37:36.104 PM",from bus,E,System,1.1.7,"KNX 4 Buttons",1.1.11,"-",6,MemoryExtended_WriteResponse (S=13),,"ReturnCode=E_SUCCESS, Address=$0B84",LL_ACK
140,"3/14/2026 2:37:36.134 PM",to bus,,System,1.1.11,"-",1.1.7,"KNX 4 Buttons",5,T_ACK (S=13),,"",LL_ACK
141,"3/14/2026 2:37:36.203 PM",to bus,E,System,1.1.11,"-",1.1.7,"KNX 4 Buttons",5,PropertyValue_Read (S=14),,"ObjectIndex=1, PropertyId=7, Count=1, StartIndex=1",LL_ACK
142,"3/14/2026 2:37:36.227 PM",from bus,,System,1.1.7,"KNX 4 Buttons",1.1.11,"-",6,T_ACK (S=14),,"",LL_ACK
143,"3/14/2026 2:37:36.305 PM",from bus,E,System,1.1.7,"KNX 4 Buttons",1.1.11,"-",6,PropertyValue_Response (S=14),,"ObjectIndex=1, PropertyId=7, Count=1, StartIndex=1, Data=00 00 0B 64",LL_ACK
144,"3/14/2026 2:37:36.341 PM",to bus,,System,1.1.11,"-",1.1.7,"KNX 4 Buttons",5,T_ACK (S=14),,"",LL_ACK
145,"3/14/2026 2:37:36.478 PM",to bus,E,System,1.1.11,"-",1.1.7,"KNX 4 Buttons",5,MemoryExtended_Write (S=15),,"Count=32, Address=$0B64, Data=00 0F 00 01 00 02 00 03 00 04 00 05 00 06 00 07 00 08 00 09 00 0A 00 0B 00 0C 02 01 05 00 05 01",LL_ACK
146,"3/14/2026 2:37:36.508 PM",from bus,,System,1.1.7,"KNX 4 Buttons",1.1.11,"-",6,T_ACK (S=15),,"",LL_ACK
147,"3/14/2026 2:37:36.573 PM",from bus,E,System,1.1.7,"KNX 4 Buttons",1.1.11,"-",6,MemoryExtended_WriteResponse (S=15),,"ReturnCode=E_SUCCESS, Address=$0B64",LL_ACK
148,"3/14/2026 2:37:36.600 PM",to bus,,System,1.1.11,"-",1.1.7,"KNX 4 Buttons",5,T_ACK (S=15),,"",LL_ACK
149,"3/14/2026 2:37:36.702 PM",to bus,E,System,1.1.11,"-",1.1.7,"KNX 4 Buttons",5,FunctionPropertyExtCommand (S=0),,"ObjectType=17, Instance=1, PropertyId=5, Command=01 00 00 00 00 00 00 00 00 00",LL_ACK
150,"3/14/2026 2:37:36.726 PM",from bus,,System,1.1.7,"KNX 4 Buttons",1.1.11,"-",6,T_ACK (S=0),,"",LL_ACK
151,"3/14/2026 2:37:36.802 PM",from bus,E,System,1.1.7,"KNX 4 Buttons",1.1.11,"-",6,FunctionPropertyExtState_Response (S=0),,"ObjectType=17, Instance=1, PropertyId=5, ReturnCode=0",LL_ACK
152,"3/14/2026 2:37:36.829 PM",to bus,,System,1.1.11,"-",1.1.7,"KNX 4 Buttons",5,T_ACK (S=0),,"",LL_ACK
153,"3/14/2026 2:37:36.920 PM",to bus,E,System,1.1.11,"-",1.1.7,"KNX 4 Buttons",5,PropertyExtValue_WriteCon (S=1),,"ObjectType=17, Instance=1, PropertyId=54, Count=1, StartIndex=0, Data=00 00",LL_ACK
154,"3/14/2026 2:37:36.939 PM",from bus,,System,1.1.7,"KNX 4 Buttons",1.1.11,"-",6,T_ACK (S=1),,"",LL_ACK
155,"3/14/2026 2:37:37.022 PM",from bus,E,System,1.1.7,"KNX 4 Buttons",1.1.11,"-",6,PropertyExtValue_WriteConRes (S=1),,"ObjectType=17, Instance=1, PropertyId=54, Count=1, StartIndex=0, ReturnCode=E_SUCCESS",LL_ACK
156,"3/14/2026 2:37:37.055 PM",to bus,,System,1.1.11,"-",1.1.7,"KNX 4 Buttons",5,T_ACK (S=1),,"",LL_ACK
157,"3/14/2026 2:37:37.190 PM",to bus,E,System,1.1.11,"-",1.1.7,"KNX 4 Buttons",5,PropertyExtValue_WriteCon (S=2),,"ObjectType=17, Instance=1, PropertyId=54, Count=2, StartIndex=1, Data=11 01 00 00 00 00 85 2C 11 04 00 3C 22 B6 D9 5E",LL_ACK
158,"3/14/2026 2:37:37.211 PM",from bus,,System,1.1.7,"KNX 4 Buttons",1.1.11,"-",6,T_ACK (S=2),,"",LL_ACK
159,"3/14/2026 2:37:37.298 PM",from bus,E,System,1.1.7,"KNX 4 Buttons",1.1.11,"-",6,PropertyExtValue_WriteConRes (S=2),,"ObjectType=17, Instance=1, PropertyId=54, Count=2, StartIndex=1, ReturnCode=E_SUCCESS",LL_ACK
160,"3/14/2026 2:37:37.332 PM",to bus,,System,1.1.11,"-",1.1.7,"KNX 4 Buttons",5,T_ACK (S=2),,"",LL_ACK
161,"3/14/2026 2:37:37.617 PM",to bus,E,System,1.1.11,"-",1.1.7,"KNX 4 Buttons",5,PropertyExtValue_WriteCon (S=3),,"ObjectType=17, Instance=1, PropertyId=53, Count=5, StartIndex=1, Data=****",LL_ACK
162,"3/14/2026 2:37:37.638 PM",from bus,,System,1.1.7,"KNX 4 Buttons",1.1.11,"-",6,T_ACK (S=3),,"",LL_ACK
163,"3/14/2026 2:37:37.715 PM",from bus,E,System,1.1.7,"KNX 4 Buttons",1.1.11,"-",6,PropertyExtValue_WriteConRes (S=3),,"ObjectType=17, Instance=1, PropertyId=53, Count=5, StartIndex=1, ReturnCode=E_SUCCESS",LL_ACK
164,"3/14/2026 2:37:37.743 PM",to bus,,System,1.1.11,"-",1.1.7,"KNX 4 Buttons",5,T_ACK (S=3),,"",LL_ACK
165,"3/14/2026 2:37:37.912 PM",to bus,E,System,1.1.11,"-",1.1.7,"KNX 4 Buttons",5,PropertyExtValue_WriteCon (S=4),,"ObjectType=17, Instance=1, PropertyId=61, Count=43, StartIndex=1, Data=03 03 00 00 00 00 00 03 00 00 03 03 00 00 00 00 00 00 00 00 00 00 00 00 00 00 00 00 00 00 00 00 00 00 00 00 00 00 00 00 00 00 00",LL_ACK
166,"3/14/2026 2:37:37.935 PM",from bus,,System,1.1.7,"KNX 4 Buttons",1.1.11,"-",6,T_ACK (S=4),,"",LL_ACK
167,"3/14/2026 2:37:38.017 PM",from bus,E,System,1.1.7,"KNX 4 Buttons",1.1.11,"-",6,PropertyExtValue_WriteConRes (S=4),,"ObjectType=17, Instance=1, PropertyId=61, Count=43, StartIndex=1, ReturnCode=E_SUCCESS",LL_ACK
168,"3/14/2026 2:37:38.045 PM",to bus,,System,1.1.11,"-",1.1.7,"KNX 4 Buttons",5,T_ACK (S=4),,"",LL_ACK
169,"3/14/2026 2:37:38.137 PM",to bus,E,System,1.1.11,"-",1.1.7,"KNX 4 Buttons",5,FunctionPropertyExtCommand (S=5),,"ObjectType=17, Instance=1, PropertyId=5, Command=02 00 00 00 00 00 00 00 00 00",LL_ACK
170,"3/14/2026 2:37:38.165 PM",from bus,,System,1.1.7,"KNX 4 Buttons",1.1.11,"-",6,T_ACK (S=5),,"",LL_ACK
171,"3/14/2026 2:37:38.238 PM",from bus,E,System,1.1.7,"KNX 4 Buttons",1.1.11,"-",6,FunctionPropertyExtState_Response (S=5),,"ObjectType=17, Instance=1, PropertyId=5, ReturnCode=0",LL_ACK
172,"3/14/2026 2:37:38.269 PM",to bus,,System,1.1.11,"-",1.1.7,"KNX 4 Buttons",5,T_ACK (S=5),,"",LL_ACK
173,"3/14/2026 2:37:38.353 PM",to bus,E,System,1.1.11,"-",1.1.7,"KNX 4 Buttons",5,PropertyValue_Write (S=6),,"ObjectIndex=4, PropertyId=13, Count=1, StartIndex=1, Data=00 85 07 EA 02",LL_ACK
174,"3/14/2026 2:37:38.375 PM",from bus,,System,1.1.7,"KNX 4 Buttons",1.1.11,"-",6,T_ACK (S=6),,"",LL_ACK
175,"3/14/2026 2:37:38.459 PM",from bus,E,System,1.1.7,"KNX 4 Buttons",1.1.11,"-",6,PropertyValue_Response (S=6),,"ObjectIndex=4, PropertyId=13, Count=1, StartIndex=1, Data=00 85 07 EA 02",LL_ACK
176,"3/14/2026 2:37:38.493 PM",to bus,,System,1.1.11,"-",1.1.7,"KNX 4 Buttons",5,T_ACK (S=6),,"",LL_ACK
177,"3/14/2026 2:37:38.585 PM",to bus,E,System,1.1.11,"-",1.1.7,"KNX 4 Buttons",5,PropertyValue_Write (S=7),,"ObjectIndex=4, PropertyId=5, Count=1, StartIndex=1, Data=02 00 00 00 00 00 00 00 00 00",LL_ACK
178,"3/14/2026 2:37:38.624 PM",from bus,,System,1.1.7,"KNX 4 Buttons",1.1.11,"-",6,T_ACK (S=7),,"",LL_ACK
179,"3/14/2026 2:37:38.685 PM",from bus,E,System,1.1.7,"KNX 4 Buttons",1.1.11,"-",6,PropertyValue_Response (S=7),,"ObjectIndex=4, PropertyId=5, Count=1, StartIndex=1, Data=$01",LL_ACK
180,"3/14/2026 2:37:38.711 PM",to bus,,System,1.1.11,"-",1.1.7,"KNX 4 Buttons",5,T_ACK (S=7),,"",LL_ACK
181,"3/14/2026 2:37:38.805 PM",to bus,E,System,1.1.11,"-",1.1.7,"KNX 4 Buttons",5,PropertyValue_Write (S=8),,"ObjectIndex=3, PropertyId=5, Count=1, StartIndex=1, Data=02 00 00 00 00 00 00 00 00 00",LL_ACK
182,"3/14/2026 2:37:38.834 PM",from bus,,System,1.1.7,"KNX 4 Buttons",1.1.11,"-",6,T_ACK (S=8),,"",LL_ACK
183,"3/14/2026 2:37:38.908 PM",from bus,E,System,1.1.7,"KNX 4 Buttons",1.1.11,"-",6,PropertyValue_Response (S=8),,"ObjectIndex=3, PropertyId=5, Count=1, StartIndex=1, Data=$01",LL_ACK
184,"3/14/2026 2:37:38.961 PM",to bus,,System,1.1.11,"-",1.1.7,"KNX 4 Buttons",5,T_ACK (S=8),,"",LL_ACK
185,"3/14/2026 2:37:39.052 PM",to bus,E,System,1.1.11,"-",1.1.7,"KNX 4 Buttons",5,PropertyValue_Write (S=9),,"ObjectIndex=2, PropertyId=5, Count=1, StartIndex=1, Data=02 00 00 00 00 00 00 00 00 00",LL_ACK
186,"3/14/2026 2:37:39.078 PM",from bus,,System,1.1.7,"KNX 4 Buttons",1.1.11,"-",6,T_ACK (S=9),,"",LL_ACK
187,"3/14/2026 2:37:39.152 PM",from bus,E,System,1.1.7,"KNX 4 Buttons",1.1.11,"-",6,PropertyValue_Response (S=9),,"ObjectIndex=2, PropertyId=5, Count=1, StartIndex=1, Data=$01",LL_ACK
188,"3/14/2026 2:37:39.187 PM",to bus,,System,1.1.11,"-",1.1.7,"KNX 4 Buttons",5,T_ACK (S=9),,"",LL_ACK
189,"3/14/2026 2:37:39.282 PM",to bus,E,System,1.1.11,"-",1.1.7,"KNX 4 Buttons",5,PropertyValue_Write (S=10),,"ObjectIndex=1, PropertyId=5, Count=1, StartIndex=1, Data=02 00 00 00 00 00 00 00 00 00",LL_ACK
190,"3/14/2026 2:37:39.349 PM",from bus,,System,1.1.7,"KNX 4 Buttons",1.1.11,"-",6,T_ACK (S=10),,"",LL_ACK
191,"3/14/2026 2:37:39.420 PM",from bus,E,System,1.1.7,"KNX 4 Buttons",1.1.11,"-",6,PropertyValue_Response (S=10),,"ObjectIndex=1, PropertyId=5, Count=1, StartIndex=1, Data=$01",LL_ACK
192,"3/14/2026 2:37:39.448 PM",to bus,,System,1.1.11,"-",1.1.7,"KNX 4 Buttons",5,T_ACK (S=10),,"",LL_ACK
193,"3/14/2026 2:37:39.523 PM",to bus,E,System,1.1.11,"-",1.1.7,"KNX 4 Buttons",5,ConfirmedRestart (S=11),,"EraseCode=ConfirmedRestart ChannelNumber=0",LL_ACK
194,"3/14/2026 2:37:39.549 PM",from bus,,System,1.1.7,"KNX 4 Buttons",1.1.11,"-",6,T_ACK (S=11),,"",LL_ACK
195,"3/14/2026 2:37:39.618 PM",from bus,E,System,1.1.7,"KNX 4 Buttons",1.1.11,"-",6,ConfirmedRestart_Response (S=11),,"Error=NoError ProcessTime=00:00:03",LL_ACK
196,"3/14/2026 2:37:39.651 PM",to bus,,System,1.1.11,"-",1.1.7,"KNX 4 Buttons",5,T_ACK (S=11),,"",LL_ACK
197,"3/14/2026 2:37:39.679 PM",to bus,,System,1.1.11,"-",1.1.7,"KNX 4 Buttons",5,T_Disconnect,,"",LL_ACK
198,"3/14/2026 2:38:10.781 PM",from bus,,Low,1.1.7,"KNX 4 Buttons",0/5/0,"Temperature",6,GroupValue_Write,  9.001 temperature (°C),"0C AB | 23.9 °C",LL_ACK
199,"3/14/2026 2:38:10.926 PM",from bus,,Low,1.1.7,"KNX 4 Buttons",0/5/1,"Humidity",6,GroupValue_Write,  9.007 humidity (%),"15 78 | 56%",LL_ACK
200,"3/14/2026 2:38:19.409 PM",,,,,,,,,,,"Recording was stopped",
