STT,Nhóm UX,Function,Giao thức,Trạng thái/Điều kiện,Thao tác người dùng,Hành vi thiết bị,Màn hình hiển thị,LED hiển thị,Timing/Tham số,Ghi chú,,,,,,,,
1,Bố cục chung,Tất cả,Chung,Thiết bị 6 nút NC1 NC2 NC4 NC5 NC6 NC8,Cấu hình function,Dùng lưới màn hình cơ sở 2 cột x 4 hàng; NC1 và NC5 là hai nút lớn bên trái; NC2 NC4 NC6 NC8 là bốn nút bên phải,Các vùng điều khiển bám theo vị trí vật lý của 6 nút,,,Không có nút NC3 và NC7,,,,,,,,
2,,Switch/Scene,Chung,Khi cấu hình Switch hoặc Scene,Gán function vào một nút,Function dùng vùng màn hình tương ứng với nút đã gán,Hiển thị tên icon và trạng thái tương ứng,,,NC1 và NC5 dùng vùng cao 2 hàng; mỗi nút bên phải dùng 1 ô,,,,,,,,
3,,Dimmer/CCT/Curtain,Chung,Khi cấu hình function,Gán function vào một cặp nút hợp lệ,Gộp vùng màn hình tương ứng thành 1 vùng dọc,Hiển thị như một thiết bị duy nhất,,,Bản 6 nút chỉ hỗ trợ ghép dọc,,,,,,,,
4,,,,Khi chọn ghép dọc,Chọn function cho một cặp,Chỉ cho phép các cặp NC1-NC5 NC2-NC4 hoặc NC6-NC8,Vùng ghép hiển thị theo cặp đã chọn,,,Nút trên: tăng/mở; nút dưới: giảm/đóng,,NC1,,NC2,,,,
5,,,,Khi ghép cặp NC1-NC5,Gán một function cho cặp nút lớn bên trái,Gộp toàn bộ 4 ô của cột trái thành 1 vùng cao toàn màn hình,Hiển thị một endpoint duy nhất ở cột trái,,,NC1: tăng/mở; NC5: giảm/đóng,,,,NC4,,,,
6,,,,Khi ghép cặp bên phải,Gán function cho NC2-NC4 hoặc NC6-NC8,Gộp dọc 2 ô bên phải tương ứng thành một vùng,Hiển thị endpoint phía trên hoặc phía dưới cột phải,,,NC2/NC6: tăng/mở; NC4/NC8: giảm/đóng,,NC5,,NC6,,,,
8,Đồng bộ trạng thái,Tất cả,Chung,Nhận trạng thái mới từ nút touch KNX/BLE hoặc hệ thống khác,Không có,Cập nhật trạng thái thực của thiết bị,Cập nhật icon giá trị và trạng thái tương ứng,Cập nhật theo trạng thái function,,Không dùng trạng thái dự đoán làm trạng thái cuối cùng nếu chưa có phản hồi,,,,NC8,,,,
11,Điều khiển,Switch,Chung,Thiết bị đang ON hoặc OFF,Nhấn nút vật lý một lần,Đảo trạng thái ON/OFF,Cập nhật icon và trạng thái,ON: đỏ; OFF: xanh dương,,,,,,,,,,
12,,,,Thiết bị đang ON hoặc OFF,Chạm ngắn vùng Switch,Đảo trạng thái ON/OFF,Cập nhật icon và trạng thái,ON: đỏ; OFF: xanh dương,,,,,,,,,,
13,,Scene,Chung,Khi cấu hình Scene,Gán function vào một nút,Scene chiếm 1 ô đơn,Hiển thị tên icon và cảnh đang được chọn hoặc vừa kích hoạt,Active: đỏ; Inactive: xanh dương,,Một nút vật lý điều khiển một Scene,,,,,,,,
14,,,BLE,Đã cấu hình đầu ra cho sự kiện nhấn một lần,Nhấn nút một lần,Kích hoạt đầu ra hoặc cảnh đã cấu hình,Cập nhật tên icon và trạng thái sau khi có kết quả,Nháy hồng 1 lần,Nhấn và nhả <700 ms,,,,,,,,,
15,,,,Đã cấu hình đầu ra cho sự kiện nhấn hai lần,Nhấn nút hai lần,Kích hoạt đầu ra hoặc cảnh đã cấu hình,Cập nhật tên icon và trạng thái sau khi có kết quả,Nháy hồng 2 lần,Hai lần nhấn trong cửa sổ multi-press,,,,,,,,,
16,,,,Đã cấu hình đầu ra cho sự kiện nhấn giữ,Nhấn giữ nút,Kích hoạt đầu ra hoặc cảnh đã cấu hình,Cập nhật tên icon và trạng thái sau khi có kết quả,Nháy hồng 1 lần,Giữ >=700 ms,Không áp dụng nếu event này được cấu hình làm Dimming,,,,,,,,
17,,,KNX,Single Press được cấu hình Recall,Nhấn nút một lần,Gọi cảnh KNX đã cấu hình,Cập nhật tên icon và cảnh vừa gọi,Cảnh active: đỏ; cảnh inactive: xanh dương,,,,,,,,,,
18,,,,Single Press được cấu hình Scene Cycling,Nhấn nút một lần,Gọi lần lượt các cảnh theo danh sách rồi quay lại cảnh đầu,Cập nhật tên icon và chỉ số cảnh hiện tại,Cảnh active: đỏ; cảnh inactive: xanh dương,Tối đa 5 cảnh theo draft ETS,,,,,,,,,
19,,,,Single Double hoặc Long được cấu hình Store,Thực hiện thao tác tương ứng,Lưu trạng thái hiện tại vào cảnh đã cấu hình,Hiển thị xác nhận lưu cảnh,Nháy hồng 2 lần,,,,,,,,,,
20,,,,Double hoặc Long được cấu hình Recall,Nhấn hai lần hoặc nhấn giữ,Gọi cảnh KNX tương ứng,Cập nhật tên icon và cảnh vừa gọi,Cảnh active: đỏ; cảnh inactive: xanh dương,Long hold >700 ms,,,,,,,,,
21,,,Chung,Touch action chưa được chốt,Chạm ngắn vùng Scene,TBD,TBD,TBD,,Cần chốt touch có tương đương Single Press hay không,,,,,,,,
22,,Dimmer,Chung,Khi cấu hình Dimmer,Gán function vào cặp nút,Nút giảm và nút tăng được xác định theo hướng ghép,Một màn duy nhất hiển thị tên icon ON/OFF và Brightness,,,Không có thao tác chuyển màn,,,,,,,,
23,,,,Thiết bị đang ON hoặc OFF,Chạm ngắn vùng Dimmer,Đảo trạng thái ON/OFF,Cập nhật icon ON/OFF và Brightness hiện tại,ON: đỏ; OFF: xanh dương,,Bật/tắt chỉ thực hiện bằng touch,,,,,,,,
24,,,BLE,Giữ nút giảm quá ngưỡng hold,Nhấn giữ nút giảm,Gửi START DIM DOWN,Hiển thị trạng thái đang giảm và giá trị nhận được,Nháy xanh dương 2 lần,Hold >500 ms,BLE chỉ sử dụng START/STOP,,,,,,,,
25,,,,Đang DIM DOWN,Nhả nút giảm,Gửi STOP DIM,Dừng trạng thái đang giảm và giữ giá trị mới,,,Không đảo hướng sau khi nhả,,,,,,,,
26,,,,Giữ nút tăng quá ngưỡng hold,Nhấn giữ nút tăng,Gửi START DIM UP,Hiển thị trạng thái đang tăng và giá trị nhận được,Nháy đỏ 2 lần,Hold >500 ms,BLE chỉ sử dụng START/STOP,,,,,,,,
27,,,,Đang DIM UP,Nhả nút tăng,Gửi STOP DIM,Dừng trạng thái đang tăng và giữ giá trị mới,,,Không đảo hướng sau khi nhả,,,,,,,,
28,,,,Nhấn ngắn dưới ngưỡng hold,Nhấn rồi nhả nút giảm hoặc tăng,Không thực hiện bật/tắt và không bắt đầu dim,Giữ nguyên trạng thái,,Press <500 ms,Bật/tắt bằng touch,,,,,,,,
29,,,KNX Start/Stop,Giữ nút giảm quá ngưỡng hold,Nhấn giữ nút giảm,Gửi DIM DOWN START,Hiển thị trạng thái đang giảm và giá trị nhận được,Nháy xanh dương 2 lần,Hold >500 ms,,,,,,,,,
30,,,,Đang DIM DOWN,Nhả nút giảm,Gửi DIM DOWN STOP,Dừng trạng thái đang giảm và giữ giá trị mới,,,,,,,,,,,
31,,,,Giữ nút tăng quá ngưỡng hold,Nhấn giữ nút tăng,Gửi DIM UP START,Hiển thị trạng thái đang tăng và giá trị nhận được,Nháy đỏ 2 lần,Hold >500 ms,,,,,,,,,
32,,,,Đang DIM UP,Nhả nút tăng,Gửi DIM UP STOP,Dừng trạng thái đang tăng và giữ giá trị mới,,,,,,,,,,,
33,,,KNX Step,Không có lệnh dim đang chạy,Nhấn nút giảm một lần,Gửi một lệnh giảm theo step đã cấu hình,Cập nhật Brightness khi nhận trạng thái mới,Nháy xanh dương 2 lần,Step 1.5625%-100%,Không cần gửi STOP,,,,,,,,
34,,,,Không có lệnh dim đang chạy,Nhấn nút tăng một lần,Gửi một lệnh tăng theo step đã cấu hình,Cập nhật Brightness khi nhận trạng thái mới,Nháy đỏ 2 lần,Step 1.5625%-100%,Không cần gửi STOP,,,,,,,,
35,,,,Cấu hình gửi lặp được bật,Giữ nút giảm hoặc tăng,Lặp lệnh giảm hoặc tăng theo chu kỳ đã cấu hình,Cập nhật Brightness khi nhận trạng thái mới,,Chu kỳ 100-2500 ms,Nhả nút thì ngừng phát step tiếp theo,,,,,,,,
36,,CCT,Chung,Khi cấu hình CCT,Gán function vào cặp nút,Nút giảm và nút tăng điều chỉnh tham số đang chọn,Vùng ghép có hai màn con: Brightness và Color temperature,,,,,,,,,,,
37,,,,Đang ở một trong hai màn con,Vuốt ngang vùng CCT,Chuyển giữa Brightness và Color temperature,Làm nổi bật màn và tham số đang chọn,,,Vuốt theo hai hướng đều thực hiện chuyển màn,,,,,,,,
38,,,,Thiết bị đang ON hoặc OFF,Chạm ngắn vùng CCT,Đảo trạng thái ON/OFF,Giữ nguyên màn con đang chọn; cập nhật icon ON/OFF,ON: đỏ; OFF: xanh dương,,Không đổi màn khi chạm ngắn,,,,,,,,
39,,,BLE,Đang chọn Brightness,Giữ nút giảm hoặc tăng,Gửi START DIM DOWN hoặc START DIM UP cho Brightness,Hiển thị chiều điều chỉnh và giá trị nhận được,Giảm: xanh dương 2 lần; tăng: đỏ 2 lần,Hold >500 ms,Nhả nút gửi STOP DIM,,,,,,,,
40,,,,Đang chọn Color temperature,Giữ nút giảm hoặc tăng,Gửi START DOWN hoặc START UP cho Color temperature,Hiển thị chiều điều chỉnh và giá trị nhận được,Giảm: xanh dương 2 lần; tăng: đỏ 2 lần,Hold >500 ms,Nhả nút gửi STOP,,,,,,,,
41,,,KNX Start/Stop,Đang chọn Brightness hoặc Color temperature,Giữ nút giảm hoặc tăng,Gửi DOWN START hoặc UP START cho tham số đang chọn,Hiển thị chiều điều chỉnh và giá trị nhận được,Giảm: xanh dương 2 lần; tăng: đỏ 2 lần,Hold >500 ms,Nhả nút gửi lệnh STOP tương ứng,,,,,,,,
42,,,KNX Step,Đang chọn Brightness hoặc Color temperature,Nhấn nút giảm hoặc tăng,Gửi một step giảm hoặc tăng cho tham số đang chọn,Cập nhật giá trị khi nhận trạng thái mới,Giảm: xanh dương 2 lần; tăng: đỏ 2 lần,Step 1.5625%-100%,Có thể cấu hình lặp step theo chu kỳ 100-2500 ms khi giữ,,,,,,,,
43,,Curtain,Chung,Khi cấu hình Curtain,Gán function vào cặp nút,Nút đóng và nút mở được xác định theo hướng ghép,Hiển thị tên icon vị trí và trạng thái rèm,,,Không sử dụng thao tác giữ để chạy rèm,,,,,,,,
44,,,,Rèm đang dừng,Nhấn nút đóng một lần,Gửi lệnh CLOSE,Hiển thị Closing; cập nhật vị trí nếu hệ thống cung cấp,,,Rèm tiếp tục chạy đến hết hành trình hoặc đến khi nhận STOP,,,,,,,,
45,,,,Rèm đang dừng,Nhấn nút mở một lần,Gửi lệnh OPEN,Hiển thị Opening; cập nhật vị trí nếu hệ thống cung cấp,,,Rèm tiếp tục chạy đến hết hành trình hoặc đến khi nhận STOP,,,,,,,,
46,,,,Rèm đang mở hoặc đóng,Nhấn một trong hai nút,Gửi lệnh STOP,Hiển thị Stopped và vị trí hiện tại,,,Lệnh STOP được ưu tiên khi rèm đang chạy,,,,,,,,
47,,,,Rèm đang mở hoặc đóng,Chạm ngắn vùng Curtain,Gửi lệnh STOP,Hiển thị Stopped và vị trí hiện tại,,,Touch chỉ dùng để dừng rèm,,,,,,,,
48,,,,Rèm đang dừng,Chạm ngắn vùng Curtain,Không gửi lệnh di chuyển,Giữ nguyên trạng thái,,,Mở và đóng chỉ dùng nút vật lý,,,,,,,,
49,Hiện diện,Tất cả,Chung,Màn hình đang tắt và phát hiện người ở gần,Người đến gần,Xác nhận đủ 3 mẫu rồi bật màn hình và khôi phục độ sáng hoạt động,Hiển thị màn điều khiển gần nhất,,Khoảng cách gần <=500 mm,Ngưỡng xa sử dụng hysteresis để tránh bật tắt liên tục,,,,,,,,
50,,,,Màn hình đang bật,Touch hoặc nhấn bất kỳ nút nào,Làm mới bộ đếm không hoạt động,Giữ màn hình ở độ sáng hoạt động,,,Thao tác vẫn được xử lý đồng thời,,,,,,,,
51,,,,Không có thao tác trong 15 giây,Không có,Chuyển màn hình sang trạng thái giảm sáng,Giữ nguyên nội dung nhưng giảm backlight,,15 giây,Mức sáng chờ: TBD,,,,,,,,
52,,,,Không có thao tác trong 30 giây,Không có,Tắt backlight màn hình,Màn hình tắt,,30 giây,Trạng thái điều khiển vẫn tiếp tục được đồng bộ ở nền,,,,,,,,
53,Cảm biến,Nhiệt độ/Độ ẩm,Chung,Nhiệt độ thay đổi đủ ngưỡng,Không có,Cập nhật giá trị cảm biến và báo cáo lên hệ thống,Không có màn hiển thị riêng,,Thay đổi >=1 C,Vị trí hiển thị trên thiết bị: TBD,,,,,,,,
54,,,,Độ ẩm thay đổi đủ ngưỡng,Không có,Cập nhật giá trị cảm biến và báo cáo lên hệ thống,Không có màn hiển thị riêng,,Thay đổi >=5%,Vị trí hiển thị trên thiết bị: TBD,,,,,,,,
55,,,,Không đạt ngưỡng thay đổi,Không có,Báo cáo định kỳ cả hai thông số,Không có màn hiển thị riêng,,Chu kỳ <=30 phút,,,,,,,,,
56,Cấu hình,Tất cả,Chung,Cấu hình từ app hoặc ETS,Đặt tên và chọn icon,Lưu cấu hình cho từng vùng,Hiển thị đúng tên icon và kiểu vùng đã cấu hình,,,Tên tiếng Việt cần được asset/font hỗ trợ,,,,,,,,
57,,,,Cấu hình độ sáng màn hình,Chọn mức sáng,Lưu và áp dụng độ sáng backlight,Áp dụng độ sáng mới,,1%-100%,Có thể giới hạn tối thiểu theo phần cứng,,,,,,,,
58,,,,Cấu hình độ sáng LED,Chọn mức sáng,Lưu và áp dụng cho LED nút,LED phản ánh trạng thái với độ sáng mới,,1%-100%,,,,,,,,,
59,Khởi động,Tất cả,BLE,Thiết bị chưa gia nhập Bluetooth Mesh,Cấp nguồn,Khởi động các chức năng thiết bị,,NC1 nháy đỏ 3 lần,300 ms bật / 300 ms tắt,,,,,,,,,
60,,,,Thiết bị đã gia nhập Bluetooth Mesh,Cấp nguồn,Khởi động và khôi phục trạng thái,,NC1 nháy hồng 3 lần,300 ms bật / 300 ms tắt,,,,,,,,,
61,,,KNX,Thiết bị chưa được cấu hình KNX,Cấp nguồn,Khởi động các chức năng thiết bị,,NC2 nháy đỏ 3 lần,300 ms bật / 300 ms tắt,,,,,,,,,
62,,,,Thiết bị đã được cấu hình KNX,Cấp nguồn,Khởi động và khôi phục trạng thái,,NC2 nháy hồng 3 lần,300 ms bật / 300 ms tắt,,,,,,,,,
63,Cấu hình mạng,Tất cả,BLE,Thiết bị chưa gia nhập mạng,Nhấn nút config 2 lần,Bật hoặc tắt chế độ gia nhập Bluetooth Mesh,,Vào mode: NC1 nháy hồng; đang chờ: nháy hồng mỗi 5 giây; thoát: nháy đỏ,Timeout 5 phút,Nếu đã gia nhập mạng thì bỏ qua thao tác vào mode,,,,,,,,
64,,,KNX,Thiết bị cần cấu hình ETS,Nhấn nút config 1 lần,Bật hoặc tắt KNX Programming Mode,,Vào mode: NC2 nháy hồng; đang chờ: nháy hồng mỗi 5 giây; thoát: nháy đỏ,Timeout 5 phút,Cấu hình thành công có thể làm thiết bị reboot,,,,,,,,
65,Reset,Tất cả,Chung,Cần xóa cấu hình tại thiết bị,Giữ đồng thời NC1 và NC2 trong 15 giây rồi nhả,Vào trạng thái chờ xác nhận reset,,NC1 và NC2 hiển thị hồng,Giữ 15 giây; phải nhả trong 2 giây,Hủy nếu quá timeout,,,,,,,,
66,,,BLE,Đang chờ xác nhận reset,Nhấn NC1 5 lần,Xóa cấu hình Bluetooth Mesh và reboot,,NC1 nháy hồng 2 lần,Xác nhận trong <=5 giây,Giữ lại loại function nếu yêu cầu sản phẩm hiện hành,,,,,,,,
67,,,KNX,Đang chờ xác nhận reset,Nhấn NC2 5 lần,Xóa PA GA parameters và communication objects rồi reboot,,Phản hồi kết quả bằng NC2,Xác nhận trong <=5 giây,,,,,,,,,